Compound,NPlanets,PlanetsType,RPM,TIn,TSun,TRing,MassFlowRate,gradP,VHspec,Q0
BIEN,5,NAP,-100,293,293,323,100,20000000,150000,8E-05
BIEN,5,NAP,-100,310,293,323,100,14000000,100000,7E-05
BIEN,5,NAP,-100,370,293,323,100,5000000,50000,6E-05
BIEN,5,NAP,-100,423,293,323,100,3500000,30000,5.00E-05
BIEN,5,Standard,-100,293,293,323,100,90000000,200000,0.0003
BIEN,5,Standard,-100,310,293,323,100,70000000,150000,0.00025
BIEN,5,Standard,-100,370,293,323,100,40000000,100000,0.0002
BIEN,5,Standard,-100,423,293,323,100,20000000,70000,0.00015
